{
    "resources": [
        {
            "name": ".che/project.json"
        },
        {
            "name": ".gitignore"
        },
        {
            "name": "Component-preload.js",
            "merged": true
        },
        {
            "name": "Component.js"
        },
        {
            "name": "Gruntfile.js"
        },
        {
            "name": "controller/DemoPersoService.js"
        },
        {
            "name": "controller/inicio.controller.js"
        },
        {
            "name": "css/style.css"
        },
        {
            "name": "dist"
        },
        {
            "name": "extended_runnable_file.html"
        },
        {
            "name": "i18n/i18n.properties",
            "raw": "i18n/i18n.properties"
        },
        {
            "name": "index.html"
        },
        {
            "name": "js/moment.js"
        },
        {
            "name": "localService/Z_USER_INFO_SRV/metadata.xml"
        },
        {
            "name": "localService/metadata.xml"
        },
        {
            "name": "manifest.json"
        },
        {
            "name": "model/formatter.js"
        },
        {
            "name": "model/models.js"
        },
        {
            "name": "neo-app.json"
        },
        {
            "name": "node_modules"
        },
        {
            "name": "package-lock.json"
        },
        {
            "name": "package.json"
        },
        {
            "name": "resources.json",
            "merged": true
        },
        {
            "name": "sap-ui-cachebuster-info.json"
        },
        {
            "name": "test/integration/AllJourneys.js"
        },
        {
            "name": "test/integration/navigationJourney.js"
        },
        {
            "name": "test/integration/opaTests.qunit.html"
        },
        {
            "name": "test/integration/pages/Common.js"
        },
        {
            "name": "test/integration/pages/inicio.js"
        },
        {
            "name": "test/unit/allTests.js"
        },
        {
            "name": "test/unit/controller/inicio.controller.js"
        },
        {
            "name": "test/unit/unitTests.qunit.html"
        },
        {
            "name": "view/inicio.view.xml"
        }
    ]
}