{
  ".che/project.json": 1568062990000,
  ".gitignore": 1568062990000,
  "Component-preload.js": 1568073855907,
  "Component.js": 1568062990000,
  "Gruntfile.js": 1568062990000,
  "controller/DemoPersoService.js": 1568062990000,
  "controller/inicio.controller.js": 1568062990000,
  "css/style.css": 1568062990000,
  "extended_runnable_file.html": 1568062990000,
  "i18n/i18n.properties": 1568062990000,
  "index.html": 1568062990000,
  "js/moment.js": 1568062990000,
  "localService/Z_USER_INFO_SRV/metadata.xml": 1568062990000,
  "localService/metadata.xml": 1568062990000,
  "manifest.json": 1568062990000,
  "model/formatter.js": 1568062990000,
  "model/models.js": 1568062990000,
  "neo-app.json": 1568062990000,
  "package-lock.json": 1568062990000,
  "package.json": 1568062990000,
  "resources.json": 1568062990000,
  "test/integration/AllJourneys.js": 1568062990000,
  "test/integration/navigationJourney.js": 1568062990000,
  "test/integration/opaTests.qunit.html": 1568062990000,
  "test/integration/pages/Common.js": 1568062990000,
  "test/integration/pages/inicio.js": 1568062990000,
  "test/unit/allTests.js": 1568062990000,
  "test/unit/controller/inicio.controller.js": 1568062990000,
  "test/unit/unitTests.qunit.html": 1568062990000,
  "view/inicio.view.xml": 1568062990000
}