<edmx:Edmx xmlns:edmx="http://schemas.microsoft.com/ado/2007/06/edmx"
	xmlns:m="http://schemas.microsoft.com/ado/2007/08/dataservices/metadata" xmlns:sap="http://www.sap.com/Protocols/SAPData" Version="1.0">
	<edmx:DataServices m:DataServiceVersion="2.0">
		<Schema xmlns="http://schemas.microsoft.com/ado/2008/09/edm" Namespace="ZPMGW_ORDERNPM_SRV" xml:lang="es" sap:schema-version="1">
			<EntityType Name="UserContraCollection" sap:content-version="1">
				<Key><PropertyRef Name="Bname"/></Key><Property Name="Bname" Type="Edm.String" Nullable="false" MaxLength="12" sap:label="Usuario" sap:creatable="false" sap:updatable="false"
					sap:sortable="false" sap:filterable="false"/><Property Name="NameFirst" Type="Edm.String" Nullable="false" MaxLength="40" sap:label="Nombre pila" sap:creatable="false"
					sap:updatable="false" sap:sortable="false" sap:filterable="false"/><Property Name="NameLast" Type="Edm.String" Nullable="false" MaxLength="40" sap:label="Apellido" sap:creatable="false" sap:updatable="false"
					sap:sortable="false" sap:filterable="false"/><Property Name="NameText" Type="Edm.String" Nullable="false" MaxLength="80" sap:label="Nombre completo" sap:creatable="false"
					sap:updatable="false" sap:sortable="false" sap:filterable="false"/><Property Name="Usergroup" Type="Edm.String" Nullable="false" MaxLength="12" sap:label="Grupo usuarios" sap:creatable="false"
					sap:updatable="false" sap:sortable="false" sap:filterable="false"/></EntityType>
			<EntityType Name="ComunaCollection" sap:content-version="1">
				<Key><PropertyRef Name="Comuna"/></Key><Property Name="Comuna" Type="Edm.String" Nullable="false" MaxLength="40" sap:label="Denominación" sap:creatable="false"
					sap:updatable="false" sap:sortable="false" sap:filterable="false"/></EntityType>
			<EntityType Name="OperationsCollection" sap:content-version="1">
				<Key><PropertyRef Name="Orderid"/><PropertyRef Name="Activity"/></Key><Property Name="Orderid" Type="Edm.String" Nullable="false" MaxLength="12" sap:label="Orden" sap:sortable="false"/><Property Name="Activity" Type="Edm.String" Nullable="false" MaxLength="4" sap:label="Operación" sap:sortable="false"/><Property Name="Description" Type="Edm.String" Nullable="false" MaxLength="40" sap:label="Txt.brv.oper." sap:sortable="false"
					sap:filterable="false"/><Property Name="StartCons" Type="Edm.DateTime" Precision="7" sap:label="LimInicio" sap:sortable="false" sap:filterable="false"/><Property Name="Strttimcon" Type="Edm.Time" Precision="0" sap:label="Lim.hora inicio" sap:sortable="false" sap:filterable="false"/><Property Name="FinConstr" Type="Edm.DateTime" Precision="7" sap:label="Fin limitación" sap:sortable="false" sap:filterable="false"/><Property Name="Fintimcons" Type="Edm.Time" Precision="0" sap:label="HoraFinLim" sap:sortable="false" sap:filterable="false"/><Property Name="Usr00" Type="Edm.String" Nullable="false" MaxLength="20" sap:label="CampoUsuar 20" sap:sortable="false"
					sap:filterable="false"/><Property Name="SStatus" Type="Edm.String" Nullable="false" MaxLength="40" sap:label="Status sistema" sap:sortable="false"
					sap:filterable="false"/><Property Name="UStatus" Type="Edm.String" Nullable="false" MaxLength="40" sap:label="Status usuario" sap:sortable="false"
					sap:filterable="false"/><Property Name="UStatusT" Type="Edm.String" Nullable="false" MaxLength="40" sap:label="Status usuario" sap:sortable="false"
					sap:filterable="false"/><Property Name="Emprcntr" Type="Edm.String" Nullable="false" MaxLength="40" sap:label="Empresa Contratista" sap:sortable="false"
					sap:filterable="false"/><Property Name="EQUNR" Type="Edm.String" Nullable="false" MaxLength="18" sap:label="Número de equipo" sap:sortable="false"
					sap:filterable="false"/><Property Name="EQKTX" Type="Edm.String" Nullable="false" MaxLength="40" sap:label="Denominación de objeto técnico" sap:sortable="false"
					sap:filterable="false"/><Property Name="TPLNR" Type="Edm.String" Nullable="false" MaxLength="30" sap:label="Ubicación técnica" sap:sortable="false"
					sap:filterable="false"/></EntityType>
			<EntityType Name="NotificationCollection" sap:content-version="1">
				<Key><PropertyRef Name="Orderid"/><PropertyRef Name="Operation"/></Key><Property Name="Orderid" Type="Edm.String" Nullable="false" MaxLength="12" sap:label="Orden" sap:sortable="false" sap:filterable="false"/><Property Name="Operation" Type="Edm.String" Nullable="false" MaxLength="4" sap:label="Operación" sap:sortable="false"
					sap:filterable="false"/><Property Name="ExecStartDate" Type="Edm.DateTime" Nullable="false" Precision="7" sap:label="Inicio ejecuc." sap:sortable="false"
					sap:filterable="false"/><Property Name="ExecStartTime" Type="Edm.Time" Nullable="false" Precision="0" sap:label="Inic.real(hora)" sap:sortable="false"
					sap:filterable="false"/><Property Name="ExecFinDate" Type="Edm.DateTime" Nullable="false" Precision="7" sap:label="Fin ejecución" sap:sortable="false"
					sap:filterable="false"/><Property Name="ExecFinTime" Type="Edm.Time" Nullable="false" Precision="0" sap:label="Fin real(hora)" sap:sortable="false"
					sap:filterable="false"/><Property Name="ConfText" Type="Edm.String" Nullable="false" sap:label="Texto notific." sap:sortable="false" sap:filterable="false"/><Property Name="DevReason" Type="Edm.String" Nullable="false" MaxLength="4" sap:label="Mot.desviac." sap:sortable="false"
					sap:filterable="false"/><Property Name="FinConf" Type="Edm.String" Nullable="false" MaxLength="1" sap:label="Notif.final" sap:sortable="false"
					sap:filterable="false"/></EntityType>
			<EntityType Name="DevReasonCollection" sap:content-version="1">
				<Key><PropertyRef Name="Orderid"/><PropertyRef Name="Plant"/><PropertyRef Name="DevReason"/></Key><Property Name="Orderid" Type="Edm.String" Nullable="false" MaxLength="12" sap:label="Orden" sap:creatable="false" sap:updatable="false"
					sap:sortable="false" sap:filterable="false"/><Property Name="Plant" Type="Edm.String" Nullable="false" MaxLength="4" sap:label="Centro" sap:creatable="false" sap:updatable="false"
					sap:sortable="false" sap:filterable="false"/><Property Name="DevReason" Type="Edm.String" Nullable="false" MaxLength="4" sap:label="Mot.desviac." sap:creatable="false"
					sap:updatable="false" sap:sortable="false" sap:filterable="false"/><Property Name="DevReasontx" Type="Edm.String" Nullable="false" MaxLength="30" sap:label="Descripción" sap:creatable="false"
					sap:updatable="false" sap:sortable="false" sap:filterable="false"/></EntityType>
			<EntityType Name="OrdersFilesCollection" m:HasStream="true" sap:content-version="1">
				<Key><PropertyRef Name="Orderid"/><PropertyRef Name="FileId"/><PropertyRef Name="Storagecategory"/></Key><Property Name="Orderid" Type="Edm.String" Nullable="false" MaxLength="12" sap:label="Orden" sap:sortable="false" sap:filterable="false"/><Property Name="FileId" Type="Edm.String" Nullable="false" MaxLength="32" sap:label="DocFísico" sap:sortable="false" sap:filterable="false"/><Property Name="Storagecategory" Type="Edm.String" Nullable="false" MaxLength="10" sap:label="Categ.archivo" sap:sortable="false"
					sap:filterable="false"/><Property Name="Doctype" Type="Edm.String" Nullable="false" MaxLength="3" sap:label="Clase documento" sap:sortable="false"
					sap:filterable="false"/><Property Name="Descripdoctype" Type="Edm.String" Nullable="false" MaxLength="20" sap:label="Txt.cl.docum." sap:sortable="false"
					sap:filterable="false"/><Property Name="Descripfile" Type="Edm.String" Nullable="false" MaxLength="40" sap:label="Descripción" sap:sortable="false"
					sap:filterable="false"/><Property Name="CompId" Type="Edm.String" Nullable="false" MaxLength="30" sap:label="Componente" sap:sortable="false" sap:filterable="false"/><Property Name="CompSize" Type="Edm.Int32" Nullable="false" sap:label="Número" sap:sortable="false" sap:filterable="false"/><Property Name="Mimetype" Type="Edm.String" Nullable="false" MaxLength="30" sap:label="Tipo MIME" sap:sortable="false"
					sap:filterable="false"/><Property Name="CreaTime" Type="Edm.String" Nullable="false" MaxLength="14" sap:label="Hora creación" sap:sortable="false"
					sap:filterable="false"/><Property Name="ChngTime" Type="Edm.String" Nullable="false" MaxLength="14" sap:label="Hora modif." sap:sortable="false"
					sap:filterable="false"/><Property Name="BinaryFlg" Type="Edm.String" Nullable="false" MaxLength="1" sap:label="fich.binar." sap:sortable="false"
					sap:filterable="false"/><Property Name="FirstLine" Type="Edm.Int32" Nullable="false" sap:label="Número" sap:sortable="false" sap:filterable="false"/><Property Name="LastLine" Type="Edm.Int32" Nullable="false" sap:label="Número" sap:sortable="false" sap:filterable="false"/></EntityType>
			<EntityType Name="CurrentDateTime" sap:content-version="1">
				<Key><PropertyRef Name="Dummy"/></Key><Property Name="Dummy" Type="Edm.String" Nullable="false" MaxLength="1" sap:label="Dummy" sap:creatable="false" sap:updatable="false"
					sap:sortable="false" sap:filterable="false"/><Property Name="Datum" Type="Edm.DateTime" Nullable="false" Precision="8" sap:label="Fecha actual" sap:creatable="false"
					sap:updatable="false" sap:sortable="false" sap:filterable="false"/><Property Name="Uzeit" Type="Edm.Time" Nullable="false" Precision="0" sap:label="Hora Actual" sap:creatable="false" sap:updatable="false"
					sap:sortable="false" sap:filterable="false"/><Property Name="Concat" Type="Edm.String" Nullable="false" sap:label="Concatenado FechaHora" sap:creatable="false" sap:updatable="false"
					sap:sortable="false" sap:filterable="false"/></EntityType>
			<EntityType Name="OrderOperStaCollection" sap:content-version="1">
				<Key><PropertyRef Name="Orderid"/><PropertyRef Name="Activity"/></Key><Property Name="Orderid" Type="Edm.String" Nullable="false" MaxLength="12" sap:label="Orden" sap:creatable="false" sap:sortable="false"
					sap:filterable="false"/><Property Name="Activity" Type="Edm.String" Nullable="false" MaxLength="4" sap:label="Operación" sap:creatable="false" sap:sortable="false"
					sap:filterable="false"/><Property Name="Typeobj" Type="Edm.String" Nullable="false" MaxLength="2" sap:label="Tipo Objeto" sap:creatable="false" sap:sortable="false"
					sap:filterable="false"/><Property Name="UserStText" Type="Edm.String" Nullable="false" MaxLength="4" sap:label="Status" sap:creatable="false" sap:sortable="false"
					sap:filterable="false"/></EntityType>
			<EntityType Name="UserAuthCollection" sap:content-version="1">
				<Key><PropertyRef Name="Orderid"/></Key><Property Name="Orderid" Type="Edm.String" Nullable="false" MaxLength="12" sap:label="Orden" sap:creatable="false" sap:updatable="false"
					sap:sortable="false" sap:filterable="false"/><Property Name="LipVis" Type="Edm.String" Nullable="false" MaxLength="1" sap:label="Carácter 01" sap:creatable="false" sap:updatable="false"
					sap:sortable="false" sap:filterable="false"/><Property Name="LipGes" Type="Edm.String" Nullable="false" MaxLength="1" sap:label="Carácter 01" sap:creatable="false" sap:updatable="false"
					sap:sortable="false" sap:filterable="false"/><Property Name="LipPro" Type="Edm.String" Nullable="false" MaxLength="1" sap:label="Carácter 01" sap:creatable="false" sap:updatable="false"
					sap:sortable="false" sap:filterable="false"/><Property Name="ConGes" Type="Edm.String" Nullable="false" MaxLength="1" sap:label="Carácter 01" sap:creatable="false" sap:updatable="false"
					sap:sortable="false" sap:filterable="false"/><Property Name="ConTec" Type="Edm.String" Nullable="false" MaxLength="1" sap:label="Carácter 01" sap:creatable="false" sap:updatable="false"
					sap:sortable="false" sap:filterable="false"/><Property Name="ConPro" Type="Edm.String" Nullable="false" MaxLength="1" sap:label="Carácter 01" sap:creatable="false" sap:updatable="false"
					sap:sortable="false" sap:filterable="false"/><Property Name="Status" Type="Edm.String" Nullable="false" MaxLength="100" sap:label="Carácter 100" sap:creatable="false"
					sap:updatable="false" sap:sortable="false" sap:filterable="false"/></EntityType>
			<EntityType Name="NoticeCollection" sap:content-version="1">
				<Key><PropertyRef Name="Orderid"/></Key><Property Name="Orderid" Type="Edm.String" Nullable="false" MaxLength="12" sap:label="Orden" sap:updatable="false" sap:sortable="false"
					sap:filterable="false"/><Property Name="ShortText" Type="Edm.String" Nullable="false" MaxLength="40" sap:label="Descripción" sap:updatable="false"
					sap:sortable="false" sap:filterable="false"/><Property Name="LongText" Type="Edm.String" Nullable="false" MaxLength="132" sap:label="Línea de texto" sap:updatable="false"
					sap:sortable="false" sap:filterable="false"/></EntityType>
			<EntityType Name="OrderOperCollection" sap:content-version="1">
				<Key><PropertyRef Name="Orderid"/><PropertyRef Name="Activity"/></Key><Property Name="Orderid" Type="Edm.String" Nullable="false" MaxLength="12" sap:label="Orden" sap:creatable="false" sap:updatable="false"
					sap:sortable="false" sap:filterable="false"/><Property Name="ShortText" Type="Edm.String" Nullable="false" MaxLength="40" sap:label="Texto breve" sap:creatable="false"
					sap:updatable="false" sap:sortable="false" sap:filterable="false"/><Property Name="UStatusOrd" Type="Edm.String" Nullable="false" MaxLength="40" sap:label="Status usuario" sap:creatable="false"
					sap:updatable="false" sap:sortable="false" sap:filterable="false"/><Property Name="Activity" Type="Edm.String" Nullable="false" MaxLength="4" sap:label="Operación" sap:creatable="false" sap:updatable="false"
					sap:sortable="false" sap:filterable="false"/><Property Name="Description" Type="Edm.String" Nullable="false" MaxLength="40" sap:label="Txt.brv.oper." sap:creatable="false"
					sap:updatable="false" sap:sortable="false" sap:filterable="false"/><Property Name="UStatusOper" Type="Edm.String" Nullable="false" MaxLength="40" sap:label="Status usuario" sap:creatable="false"
					sap:updatable="false" sap:sortable="false" sap:filterable="false"/></EntityType>
			<EntityType Name="Operations2Collection" sap:content-version="1">
				<Key><PropertyRef Name="Orderid"/><PropertyRef Name="Activity"/></Key><Property Name="Orderid" Type="Edm.String" Nullable="false" MaxLength="12" sap:label="Orden" sap:creatable="false" sap:updatable="false"
					sap:sortable="false" sap:filterable="false"/><Property Name="Activity" Type="Edm.String" Nullable="false" MaxLength="4" sap:label="Operación" sap:creatable="false" sap:updatable="false"
					sap:sortable="false" sap:filterable="false"/><Property Name="Description" Type="Edm.String" Nullable="false" MaxLength="40" sap:label="Txt.brv.oper." sap:creatable="false"
					sap:updatable="false" sap:sortable="false" sap:filterable="false"/><Property Name="StartCons" Type="Edm.DateTime" Precision="7" sap:label="LimInicio" sap:creatable="false" sap:updatable="false"
					sap:sortable="false" sap:filterable="false"/><Property Name="Strttimcon" Type="Edm.Time" Precision="0" sap:label="Lim.hora inicio" sap:creatable="false" sap:updatable="false"
					sap:sortable="false" sap:filterable="false"/><Property Name="FinConstr" Type="Edm.DateTime" Precision="7" sap:label="Fin limitación" sap:creatable="false" sap:updatable="false"
					sap:sortable="false" sap:filterable="false"/><Property Name="Fintimcons" Type="Edm.Time" Precision="0" sap:label="HoraFinLim" sap:creatable="false" sap:updatable="false"
					sap:sortable="false" sap:filterable="false"/><Property Name="Usr00" Type="Edm.String" Nullable="false" MaxLength="20" sap:label="CampoUsuar 20" sap:creatable="false"
					sap:updatable="false" sap:sortable="false" sap:filterable="false"/><Property Name="SStatus" Type="Edm.String" Nullable="false" MaxLength="40" sap:label="Status sistema" sap:creatable="false"
					sap:updatable="false" sap:sortable="false" sap:filterable="false"/><Property Name="UStatus" Type="Edm.String" Nullable="false" MaxLength="40" sap:label="Status usuario" sap:creatable="false"
					sap:updatable="false" sap:sortable="false" sap:filterable="false"/><Property Name="UStatusT" Type="Edm.String" Nullable="false" MaxLength="30" sap:label="Status" sap:creatable="false" sap:updatable="false"
					sap:sortable="false" sap:filterable="false"/><Property Name="WorkCntr" Type="Edm.String" Nullable="false" MaxLength="8" sap:label="Puesto trabajo" sap:creatable="false"
					sap:updatable="false" sap:sortable="false" sap:filterable="false"/><Property Name="EmprCntr" Type="Edm.String" Nullable="false" MaxLength="40" sap:label="Denominación" sap:creatable="false"
					sap:updatable="false" sap:sortable="false" sap:filterable="false"/><Property Name="OrderTxt" Type="Edm.String" Nullable="false" MaxLength="40" sap:label="Texto breve" sap:creatable="false"
					sap:updatable="false" sap:sortable="false" sap:filterable="false"/><Property Name="Funcldescr" Type="Edm.String" Nullable="false" MaxLength="40" sap:label="Denominación" sap:creatable="false"
					sap:updatable="false" sap:sortable="false" sap:filterable="false"/><Property Name="Direccion" Type="Edm.String" Nullable="false" MaxLength="100" sap:label="DIRECCION" sap:creatable="false"
					sap:updatable="false" sap:sortable="false" sap:filterable="false"/><Property Name="Telnumber" Type="Edm.String" Nullable="false" MaxLength="30" sap:label="Teléfono" sap:creatable="false"
					sap:updatable="false" sap:sortable="false" sap:filterable="false"/><Property Name="OrdUStatus" Type="Edm.String" Nullable="false" MaxLength="40" sap:label="Status usuario" sap:creatable="false"
					sap:updatable="false" sap:sortable="false" sap:filterable="false"/><Property Name="OrdUStatusT" Type="Edm.String" Nullable="false" MaxLength="30" sap:label="Status" sap:creatable="false"
					sap:updatable="false" sap:sortable="false" sap:filterable="false"/><Property Name="PStatus" Type="Edm.String" Nullable="false" MaxLength="2" sap:label="Estatus de Programación" sap:creatable="false"
					sap:updatable="false" sap:sortable="false" sap:filterable="false"/><Property Name="PStatusT" Type="Edm.String" Nullable="false" MaxLength="30" sap:label="Status" sap:creatable="false" sap:updatable="false"
					sap:sortable="false" sap:filterable="false"/></EntityType>
			<EntityType Name="Notification2Collection" sap:content-version="1">
				<Key><PropertyRef Name="ConfNo"/><PropertyRef Name="ConfCnt"/></Key><Property Name="ConfNo" Type="Edm.String" Nullable="false" MaxLength="10" sap:label="Notificación" sap:creatable="false"
					sap:updatable="false" sap:sortable="false" sap:filterable="false"/><Property Name="ConfCnt" Type="Edm.String" Nullable="false" MaxLength="8" sap:label="Contador" sap:creatable="false" sap:updatable="false"
					sap:sortable="false" sap:filterable="false"/><Property Name="Orderid" Type="Edm.String" Nullable="false" MaxLength="12" sap:label="Orden" sap:creatable="false" sap:updatable="false"
					sap:sortable="false"/><Property Name="Operation" Type="Edm.String" Nullable="false" MaxLength="4" sap:label="Operación" sap:creatable="false"
					sap:updatable="false" sap:sortable="false"/><Property Name="ExecStartDate" Type="Edm.DateTime" Precision="7" sap:label="Inicio ejecuc." sap:creatable="false" sap:updatable="false"
					sap:sortable="false" sap:filterable="false"/><Property Name="ExecStartTime" Type="Edm.Time" Precision="0" sap:label="Inic.real(hora)" sap:creatable="false" sap:updatable="false"
					sap:sortable="false" sap:filterable="false"/><Property Name="ExecFinDate" Type="Edm.DateTime" Precision="7" sap:label="Fin ejecución" sap:creatable="false" sap:updatable="false"
					sap:sortable="false" sap:filterable="false"/><Property Name="ExecFinTime" Type="Edm.Time" Precision="0" sap:label="Fin real(hora)" sap:creatable="false" sap:updatable="false"
					sap:sortable="false" sap:filterable="false"/><Property Name="ConfText" Type="Edm.String" Nullable="false" MaxLength="255" sap:label="char255" sap:creatable="false" sap:updatable="false"
					sap:sortable="false" sap:filterable="false"/><Property Name="DevReason" Type="Edm.String" Nullable="false" MaxLength="4" sap:label="Mot.desviac." sap:creatable="false"
					sap:updatable="false" sap:sortable="false" sap:filterable="false"/><Property Name="DevReasonT" Type="Edm.String" Nullable="false" MaxLength="30" sap:label="Descripción" sap:creatable="false"
					sap:updatable="false" sap:sortable="false" sap:filterable="false"/><Property Name="FinConf" Type="Edm.String" Nullable="false" MaxLength="1" sap:label="Notif.final" sap:creatable="false"
					sap:updatable="false" sap:sortable="false" sap:filterable="false"/></EntityType>
			<EntityType Name="Operations3Collection" sap:content-version="1">
				<Key><PropertyRef Name="Orderid"/><PropertyRef Name="Activity"/></Key><Property Name="Orderid" Type="Edm.String" Nullable="false" MaxLength="12" sap:label="Orden" sap:creatable="false" sap:updatable="false"
					sap:sortable="false" sap:filterable="false"/><Property Name="Activity" Type="Edm.String" Nullable="false" MaxLength="4" sap:label="Operación" sap:creatable="false" sap:updatable="false"
					sap:sortable="false" sap:filterable="false"/><Property Name="Description" Type="Edm.String" Nullable="false" MaxLength="40" sap:label="Txt.brv.oper." sap:creatable="false"
					sap:updatable="false" sap:sortable="false" sap:filterable="false"/><Property Name="StartCons" Type="Edm.DateTime" Precision="7" sap:label="LimInicio" sap:creatable="false" sap:updatable="false"
					sap:sortable="false" sap:filterable="false"/><Property Name="Strttimcon" Type="Edm.Time" Precision="0" sap:label="Lim.hora inicio" sap:creatable="false" sap:updatable="false"
					sap:sortable="false" sap:filterable="false"/><Property Name="FinConstr" Type="Edm.DateTime" Precision="7" sap:label="Fin limitación" sap:creatable="false" sap:updatable="false"
					sap:sortable="false" sap:filterable="false"/><Property Name="Fintimcons" Type="Edm.Time" Nullable="false" Precision="0" sap:label="HoraFinLim" sap:creatable="false"
					sap:updatable="false" sap:sortable="false" sap:filterable="false"/><Property Name="Usr00" Type="Edm.String" Nullable="false" MaxLength="20" sap:label="CampoUsuar 20" sap:creatable="false"
					sap:updatable="false" sap:sortable="false" sap:filterable="false"/><Property Name="SStatus" Type="Edm.String" Nullable="false" MaxLength="40" sap:label="Status sistema" sap:creatable="false"
					sap:updatable="false" sap:sortable="false" sap:filterable="false"/><Property Name="UStatus" Type="Edm.String" Nullable="false" MaxLength="40" sap:label="Status usuario" sap:creatable="false"
					sap:updatable="false" sap:sortable="false" sap:filterable="false"/><Property Name="UStatusT" Type="Edm.String" Nullable="false" MaxLength="30" sap:label="Status" sap:creatable="false" sap:updatable="false"
					sap:sortable="false" sap:filterable="false"/><Property Name="WorkCntr" Type="Edm.String" Nullable="false" MaxLength="8" sap:label="Puesto trabajo" sap:creatable="false"
					sap:updatable="false" sap:sortable="false" sap:filterable="false"/><Property Name="EmprCntr" Type="Edm.String" Nullable="false" MaxLength="40" sap:label="Denominación" sap:creatable="false"
					sap:updatable="false" sap:sortable="false" sap:filterable="false"/><Property Name="OrderTxt" Type="Edm.String" Nullable="false" MaxLength="40" sap:label="Texto breve" sap:creatable="false"
					sap:updatable="false" sap:sortable="false" sap:filterable="false"/><Property Name="Funcldescr" Type="Edm.String" Nullable="false" MaxLength="40" sap:label="Denominación" sap:creatable="false"
					sap:updatable="false" sap:sortable="false" sap:filterable="false"/><Property Name="Direccion" Type="Edm.String" Nullable="false" MaxLength="100" sap:label="DIRECCION" sap:creatable="false"
					sap:updatable="false" sap:sortable="false" sap:filterable="false"/><Property Name="Telnumber" Type="Edm.String" Nullable="false" MaxLength="30" sap:label="Teléfono" sap:creatable="false"
					sap:updatable="false" sap:sortable="false" sap:filterable="false"/><Property Name="OrdUStatus" Type="Edm.String" Nullable="false" MaxLength="40" sap:label="Status usuario" sap:creatable="false"
					sap:updatable="false" sap:sortable="false" sap:filterable="false"/><Property Name="OrdUStatusT" Type="Edm.String" Nullable="false" MaxLength="30" sap:label="Status" sap:creatable="false"
					sap:updatable="false" sap:sortable="false" sap:filterable="false"/><Property Name="PStatus" Type="Edm.String" Nullable="false" MaxLength="2" sap:label="Estatus de Programación" sap:creatable="false"
					sap:updatable="false" sap:sortable="false" sap:filterable="false"/><Property Name="PStatusT" Type="Edm.String" Nullable="false" MaxLength="30" sap:label="Status" sap:creatable="false" sap:updatable="false"
					sap:sortable="false" sap:filterable="false"/><Property Name="Tplnr" Type="Edm.String" Nullable="false" MaxLength="30" sap:label="Ubic.técn." sap:creatable="false" sap:updatable="false"
					sap:sortable="false" sap:filterable="false"/><Property Name="Pltxt" Type="Edm.String" Nullable="false" MaxLength="40" sap:label="Denominación" sap:creatable="false"
					sap:updatable="false" sap:sortable="false" sap:filterable="false"/><Property Name="Ilart" Type="Edm.String" Nullable="false" MaxLength="3" sap:label="Cl.actividad PM" sap:creatable="false"
					sap:updatable="false" sap:sortable="false" sap:filterable="false"/><Property Name="Equnr" Type="Edm.String" Nullable="false" MaxLength="18" sap:label="Equipo" sap:creatable="false" sap:updatable="false"
					sap:sortable="false" sap:filterable="false"/><Property Name="Eqktx" Type="Edm.String" Nullable="false" MaxLength="40" sap:label="Denominación" sap:creatable="false"
					sap:updatable="false" sap:sortable="false" sap:filterable="false"/></EntityType>
			<EntityType Name="Operations5Collection" sap:content-version="1">
				<Key><PropertyRef Name="Orderid"/><PropertyRef Name="Activity"/></Key><Property Name="Orderid" Type="Edm.String" Nullable="false" MaxLength="12" sap:label="Orden" sap:creatable="false" sap:updatable="false"/><Property Name="Activity" Type="Edm.String" Nullable="false" MaxLength="4" sap:label="Operación" sap:creatable="false" sap:updatable="false"
					sap:sortable="false" sap:filterable="false"/><Property Name="Description" Type="Edm.String" Nullable="false" MaxLength="40" sap:label="Txt.brv.oper." sap:creatable="false"
					sap:updatable="false" sap:sortable="false" sap:filterable="false"/><Property Name="StartCons" Type="Edm.DateTime" Precision="7" sap:label="LimInicio" sap:creatable="false" sap:updatable="false"
					sap:sortable="false"/><Property Name="Strttimcon" Type="Edm.Time" Precision="0" sap:label="Lim.hora inicio" sap:creatable="false" sap:updatable="false"
					sap:sortable="false"/><Property Name="FinConstr" Type="Edm.DateTime" Precision="7" sap:label="Fin limitación" sap:creatable="false" sap:updatable="false"
					sap:sortable="false"/><Property Name="Fintimcons" Type="Edm.Time" Precision="0" sap:label="HoraFinLim" sap:creatable="false" sap:updatable="false"
					sap:sortable="false"/><Property Name="Usr00" Type="Edm.String" Nullable="false" MaxLength="20" sap:label="CampoUsuar 20" sap:creatable="false"
					sap:updatable="false" sap:sortable="false" sap:filterable="false"/><Property Name="SStatus" Type="Edm.String" Nullable="false" MaxLength="40" sap:label="Status sistema" sap:creatable="false"
					sap:updatable="false" sap:sortable="false" sap:filterable="false"/><Property Name="UStatus" Type="Edm.String" Nullable="false" MaxLength="40" sap:label="Status usuario" sap:creatable="false"
					sap:updatable="false" sap:sortable="false" sap:filterable="false"/><Property Name="UStatusT" Type="Edm.String" Nullable="false" MaxLength="30" sap:label="Status" sap:creatable="false" sap:updatable="false"
					sap:sortable="false" sap:filterable="false"/><Property Name="WorkCntr" Type="Edm.String" Nullable="false" MaxLength="8" sap:label="Puesto trabajo" sap:creatable="false"
					sap:updatable="false" sap:sortable="false" sap:filterable="false"/><Property Name="EmprCntr" Type="Edm.String" Nullable="false" MaxLength="40" sap:label="Denominación" sap:creatable="false"
					sap:updatable="false" sap:sortable="false" sap:filterable="false"/><Property Name="OrderTxt" Type="Edm.String" Nullable="false" MaxLength="40" sap:label="Texto breve" sap:creatable="false"
					sap:updatable="false" sap:sortable="false" sap:filterable="false"/><Property Name="Funcldescr" Type="Edm.String" Nullable="false" MaxLength="40" sap:label="Denominación" sap:creatable="false"
					sap:updatable="false" sap:sortable="false" sap:filterable="false"/><Property Name="Direccion" Type="Edm.String" Nullable="false" MaxLength="100" sap:label="DIRECCION" sap:creatable="false"
					sap:updatable="false" sap:sortable="false" sap:filterable="false"/><Property Name="Telnumber" Type="Edm.String" Nullable="false" MaxLength="30" sap:label="Teléfono" sap:creatable="false"
					sap:updatable="false" sap:sortable="false" sap:filterable="false"/><Property Name="OrdUStatus" Type="Edm.String" Nullable="false" MaxLength="40" sap:label="Status usuario" sap:creatable="false"
					sap:updatable="false" sap:sortable="false" sap:filterable="false"/><Property Name="OrdUStatusT" Type="Edm.String" Nullable="false" MaxLength="30" sap:label="Status" sap:creatable="false"
					sap:updatable="false" sap:sortable="false" sap:filterable="false"/><Property Name="PStatus" Type="Edm.String" Nullable="false" MaxLength="2" sap:label="Estatus de Programación" sap:creatable="false"
					sap:updatable="false" sap:sortable="false" sap:filterable="false"/><Property Name="PStatusT" Type="Edm.String" Nullable="false" MaxLength="30" sap:label="Status" sap:creatable="false" sap:updatable="false"
					sap:sortable="false" sap:filterable="false"/></EntityType>
			<EntityType Name="OrdersCollection" sap:content-version="1">
				<Key><PropertyRef Name="IUname"/></Key><Property Name="IUname" Type="Edm.String" Nullable="false" MaxLength="12" sap:label="Usuario" sap:creatable="false" sap:updatable="false"
					sap:sortable="false" sap:filterable="false"/><Property Name="Orderid" Type="Edm.String" Nullable="false" MaxLength="12" sap:label="Orden" sap:creatable="false" sap:updatable="false"
					sap:sortable="false" sap:filterable="false"/><Property Name="OrderType" Type="Edm.String" Nullable="false" MaxLength="4" sap:label="Clase de orden" sap:creatable="false"
					sap:updatable="false" sap:sortable="false" sap:filterable="false"/><Property Name="OrderTypetxt" Type="Edm.String" Nullable="false" MaxLength="40" sap:label="Texto breve" sap:creatable="false"
					sap:updatable="false" sap:sortable="false" sap:filterable="true"/><Property Name="StartDate" Type="Edm.DateTime" Nullable="false" Precision="7" sap:label="Fe.inic.extrema" sap:creatable="false"
					sap:updatable="false" sap:sortable="false" sap:filterable="true"/><Property Name="FinishDate" Type="Edm.DateTime" Nullable="false" Precision="7" sap:label="Fe.fin extrema" sap:creatable="false"
					sap:updatable="false" sap:sortable="false" sap:filterable="true"/><Property Name="ShortText" Type="Edm.String" Nullable="false" MaxLength="40" sap:label="Texto breve" sap:creatable="false"
					sap:updatable="false" sap:sortable="false" sap:filterable="false"/><Property Name="Funcldescr" Type="Edm.String" Nullable="false" MaxLength="40" sap:label="Denominación" sap:creatable="false"
					sap:updatable="false" sap:sortable="false" sap:filterable="false"/><Property Name="SStatus" Type="Edm.String" Nullable="false" MaxLength="40" sap:label="Status sistema" sap:creatable="false"
					sap:updatable="false" sap:sortable="false" sap:filterable="false"/><Property Name="UStatus" Type="Edm.String" Nullable="false" MaxLength="40" sap:label="Status usuario" sap:creatable="false"
					sap:updatable="false" sap:sortable="false" sap:filterable="false"/><Property Name="UStatusT" Type="Edm.String" Nullable="false" MaxLength="30" sap:label="Status" sap:creatable="false" sap:updatable="false"
					sap:sortable="false" sap:filterable="false"/><Property Name="Pmacttype" Type="Edm.String" Nullable="false" MaxLength="3" sap:label="Cl.actividad PM" sap:creatable="false"
					sap:updatable="false" sap:sortable="false" sap:filterable="false"/><Property Name="Pmacttypetxt" Type="Edm.String" Nullable="false" MaxLength="30" sap:label="Denomin-AMa" sap:creatable="false"
					sap:updatable="false" sap:sortable="false" sap:filterable="false"/><Property Name="Priority" Type="Edm.String" Nullable="false" MaxLength="1" sap:label="Prioridad" sap:creatable="false" sap:updatable="false"
					sap:sortable="false" sap:filterable="false"/><Property Name="PrioDesc" Type="Edm.String" Nullable="false" MaxLength="20" sap:label="Prioridad" sap:creatable="false"
					sap:updatable="false" sap:sortable="false" sap:filterable="false"/><Property Name="WorkCntr" Type="Edm.String" Nullable="false" MaxLength="8" sap:label="Puesto trabajo" sap:creatable="false"
					sap:updatable="false" sap:sortable="false" sap:filterable="false"/><Property Name="Plant" Type="Edm.String" Nullable="false" MaxLength="4" sap:label="Centro" sap:creatable="false" sap:updatable="false"
					sap:sortable="false" sap:filterable="false"/><Property Name="Comuna" Type="Edm.String" Nullable="false" MaxLength="40" sap:label="Denominación" sap:creatable="false"
					sap:updatable="false" sap:sortable="false" sap:filterable="false"/><Property Name="DireccionFull" Type="Edm.String" Nullable="false" MaxLength="100" sap:label="Dirección" sap:creatable="false"
					sap:updatable="false" sap:sortable="false" sap:filterable="false"/><Property Name="CoordenadaX" Type="Edm.String" Nullable="false" MaxLength="20" sap:label="Latitud" sap:creatable="false"
					sap:updatable="false" sap:sortable="false" sap:filterable="false"/><Property Name="CoordenadaY" Type="Edm.String" Nullable="false" MaxLength="20" sap:label="Longitud" sap:creatable="false"
					sap:updatable="false" sap:sortable="false" sap:filterable="false"/><Property Name="Canal" Type="Edm.String" Nullable="false" MaxLength="40" sap:label="Denominación" sap:creatable="false"
					sap:updatable="false" sap:sortable="false" sap:filterable="false"/><Property Name="Telnumber" Type="Edm.String" Nullable="false" MaxLength="30" sap:label="Teléfono" sap:creatable="false"
					sap:updatable="false" sap:sortable="false" sap:filterable="false"/><Property Name="Equnr" Type="Edm.String" Nullable="false" MaxLength="18" sap:label="Equipo" sap:creatable="false" sap:updatable="false"
					sap:sortable="false" sap:filterable="false"/><Property Name="Eqktx" Type="Edm.String" Nullable="false" MaxLength="40" sap:label="Denominación" sap:creatable="false"
					sap:updatable="false" sap:sortable="false" sap:filterable="false"/><Property Name="Tplnr" Type="Edm.String" Nullable="false" MaxLength="30" sap:label="Ubic.técn." sap:creatable="false" sap:updatable="false"
					sap:sortable="false" sap:filterable="false"/><Property Name="FieldName" Type="Edm.String" Nullable="false" MaxLength="30" sap:label="Componente" sap:creatable="false"
					sap:updatable="false" sap:sortable="false" sap:filterable="false"/><Property Name="Sign" Type="Edm.String" Nullable="false" MaxLength="1" sap:label="INCL/EXCL" sap:creatable="false" sap:updatable="false"
					sap:sortable="false" sap:filterable="false"/><Property Name="Option" Type="Edm.String" Nullable="false" MaxLength="2" sap:label="Opción" sap:creatable="false" sap:updatable="false"
					sap:sortable="false" sap:filterable="false"/><Property Name="LowValue" Type="Edm.String" Nullable="false" MaxLength="45" sap:label="Valor selección" sap:creatable="false"
					sap:updatable="false" sap:sortable="false" sap:filterable="false"/><Property Name="HighValue" Type="Edm.String" Nullable="false" MaxLength="45" sap:label="Valor selección" sap:creatable="false"
					sap:updatable="false" sap:sortable="false" sap:filterable="false"/></EntityType>
			<EntityContainer Name="ZPMGW_ORDERNPM_SRV_Entities" m:IsDefaultEntityContainer="true" sap:supported-formats="atom json xlsx"><EntitySet Name="UserContraCollectionSet" EntityType="ZPMGW_ORDERNPM_SRV.UserContraCollection" sap:creatable="false" sap:updatable="false"
				sap:deletable="false" sap:pageable="false" sap:content-version="1"/><EntitySet Name="ComunaCollectionSet" EntityType="ZPMGW_ORDERNPM_SRV.ComunaCollection" sap:creatable="false" sap:updatable="false"
				sap:deletable="false" sap:pageable="false" sap:content-version="1"/><EntitySet Name="OperationsCollectionSet" EntityType="ZPMGW_ORDERNPM_SRV.OperationsCollection" sap:creatable="false" sap:deletable="false"
				sap:pageable="false" sap:content-version="1"/><EntitySet Name="NotificationCollectionSet" EntityType="ZPMGW_ORDERNPM_SRV.NotificationCollection" sap:deletable="false"
				sap:pageable="false" sap:content-version="1"/><EntitySet Name="DevReasonCollectionSet" EntityType="ZPMGW_ORDERNPM_SRV.DevReasonCollection" sap:creatable="false" sap:updatable="false"
				sap:deletable="false" sap:pageable="false" sap:content-version="1"/><EntitySet Name="OrdersFilesCollectionSet" EntityType="ZPMGW_ORDERNPM_SRV.OrdersFilesCollection" sap:creatable="false" sap:updatable="false"
				sap:deletable="false" sap:pageable="false" sap:content-version="1"/><EntitySet Name="CurrentDateTimeSet" EntityType="ZPMGW_ORDERNPM_SRV.CurrentDateTime" sap:creatable="false" sap:updatable="false"
				sap:deletable="false" sap:pageable="false" sap:addressable="false" sap:content-version="1"/><EntitySet Name="OrderOperStaCollectionSet" EntityType="ZPMGW_ORDERNPM_SRV.OrderOperStaCollection" sap:creatable="false"
				sap:deletable="false" sap:pageable="false" sap:content-version="1"/><EntitySet Name="UserAuthCollectionSet" EntityType="ZPMGW_ORDERNPM_SRV.UserAuthCollection" sap:creatable="false" sap:updatable="false"
				sap:deletable="false" sap:pageable="false" sap:content-version="1"/><EntitySet Name="NoticeCollectionSet" EntityType="ZPMGW_ORDERNPM_SRV.NoticeCollection" sap:deletable="false" sap:pageable="false"
				sap:content-version="1"/><EntitySet Name="OrderOperCollectionSet" EntityType="ZPMGW_ORDERNPM_SRV.OrderOperCollection" sap:creatable="false" sap:updatable="false"
				sap:deletable="false" sap:pageable="false" sap:content-version="1"/><EntitySet Name="Operations2CollectionSet" EntityType="ZPMGW_ORDERNPM_SRV.Operations2Collection" sap:creatable="false" sap:updatable="false"
				sap:deletable="false" sap:pageable="false" sap:content-version="1"/><EntitySet Name="Notification2CollectionSet" EntityType="ZPMGW_ORDERNPM_SRV.Notification2Collection" sap:creatable="false"
				sap:updatable="false" sap:deletable="false" sap:pageable="false" sap:content-version="1"/><EntitySet Name="Operations3CollectionSet" EntityType="ZPMGW_ORDERNPM_SRV.Operations3Collection" sap:creatable="false" sap:updatable="false"
				sap:deletable="false" sap:pageable="false" sap:content-version="1"/><EntitySet Name="Operations5CollectionSet" EntityType="ZPMGW_ORDERNPM_SRV.Operations5Collection" sap:creatable="false" sap:updatable="false"
				sap:deletable="false" sap:pageable="false" sap:content-version="1"/><EntitySet Name="OrdersCollectionSet" EntityType="ZPMGW_ORDERNPM_SRV.OrdersCollection" sap:creatable="false" sap:updatable="false"
				sap:deletable="false" sap:pageable="false" sap:content-version="1"/></EntityContainer><atom:link xmlns:atom="http://www.w3.org/2005/Atom" rel="self" href="./sap/ZPMGW_ORDERNPM_SRV/$metadata"/><atom:link xmlns:atom="http://www.w3.org/2005/Atom" rel="latest-version" href="./sap/ZPMGW_ORDERNPM_SRV/$metadata"/></Schema>
	</edmx:DataServices>
</edmx:Edmx>