<edmx:Edmx xmlns:edmx="http://schemas.microsoft.com/ado/2007/06/edmx"
	xmlns:m="http://schemas.microsoft.com/ado/2007/08/dataservices/metadata" xmlns:sap="http://www.sap.com/Protocols/SAPData" Version="1.0">
	<edmx:DataServices m:DataServiceVersion="2.0">
		<Schema xmlns="http://schemas.microsoft.com/ado/2008/09/edm" Namespace="Z_USER_INFO2_SRV" xml:lang="es" sap:schema-version="1">
			<EntityType Name="ZAPPFIORI_COMM" sap:content-version="1">
				<Key><PropertyRef Name="Userid"/><PropertyRef Name="Method"/><PropertyRef Name="Item"/></Key><Property Name="Uname" Type="Edm.String" Nullable="false" MaxLength="12" sap:label="Usuario" sap:creatable="false" sap:updatable="false"
					sap:sortable="false" sap:filterable="false"/><Property Name="Userid" Type="Edm.String" Nullable="false" MaxLength="80" sap:label="Length 80" sap:creatable="false" sap:updatable="false"
					sap:sortable="false" sap:filterable="false"/><Property Name="Method" Type="Edm.String" Nullable="false" MaxLength="80" sap:label="Length 80" sap:creatable="false" sap:updatable="false"
					sap:sortable="false" sap:filterable="false"/><Property Name="Item" Type="Edm.String" Nullable="false" MaxLength="30000" sap:label="CHAR30K" sap:creatable="false" sap:updatable="false"
					sap:sortable="false" sap:filterable="false"/><Property Name="Item2" Type="Edm.String" Nullable="false" MaxLength="30000" sap:label="CHAR30K" sap:creatable="false" sap:updatable="false"
					sap:sortable="false" sap:filterable="false"/><Property Name="Msg" Type="Edm.String" Nullable="false" MaxLength="1000" sap:label="char 1000" sap:creatable="false" sap:updatable="false"
					sap:sortable="false" sap:filterable="false"/></EntityType>
			<EntityContainer Name="Z_USER_INFO2_SRV_Entities" m:IsDefaultEntityContainer="true" sap:supported-formats="atom json xlsx"><EntitySet Name="ZAPPFIORI_COMMSet" EntityType="Z_USER_INFO2.ZAPPFIORI_COMM" sap:creatable="false" sap:updatable="false"
				sap:deletable="false" sap:pageable="false" sap:content-version="1"/></EntityContainer><atom:link xmlns:atom="http://www.w3.org/2005/Atom" rel="self" href="./sap/Z_USER_INFO2/$metadata"/><atom:link xmlns:atom="http://www.w3.org/2005/Atom" rel="latest-version" href="./sap/Z_USER_INFO2_SRV/$metadata"/></Schema>
	</edmx:DataServices>
</edmx:Edmx>